,JOURNAL,ISSN,JQ3,IN_PARTIAL_RANKING
0,4OR,1619-4500,C,OR
1,Abacus,0001-3072,B,"BA-FI, STEU, RECH"
2,Absatzwirtschaft,0001-3374,k.w.Z.,MARK
3,Academy of Management Annals,1941-6520,A,ABWL
4,Academy of Management Journal (AMJ),0001-4273,A+,ABWL
5,Academy of Management Learning & Education,1537-260X,B,"HSM, ORG / PERS"
6,Academy of Management Perspectives,1558-9080,B,ABWL
7,Academy of Management Review (AMR),0363-7425,A+,ABWL
8,Accountancy,0001-4664,D,RECH
9,Accounting and Business Research,0001-4788,B,"STEU, RECH"
10,Accounting and Finance,0810-5391,C,"BA-FI, RECH"
11,Accounting and the Public Interest,1530-9320,C,"ÖBWL, RECH"
12,Accounting Education: An International Journal,0963-9284,C,RECH
13,Accounting Forum,0155-9982,C,RECH
14,Accounting Historians Journal,0148-4184,C,RECH
15,Accounting History,1032-3732,C,RECH
16,"Accounting History Review (früher: Accounting, Business & Financial History)",0958-5206,B,"BA-FI, RECH"
17,Accounting Horizons,0888-7993,B,"STEU, RECH"
18,Accounting in Europe,1744-9480,C,"STEU, RECH"
19,Accounting Perspectives,1911-382X,C,RECH
20,Accounting Research Journal,1030-9616,C,RECH
21,Accounting Review,0001-4826,A+,"STEU, RECH"
22,"Accounting, Auditing, & Accountability Journal",0951-3574,B,"RECH, WEW"
23,"Accounting, Economics, and Law ?-- A Convivium",2152-2820,B/C,RECH
24,"Accounting, Organizations and Society",0361-3682,A,"STEU, RECH"
25,ACM Computing Reviews,0010-4884,C,WI
26,ACM Computing Surveys,0360-0300,B,WI
27,ACM SIGMIS Database,0095-0033,B,WI
28,ACM Transactions on Computer-Human Interaction,1073-0516,B,WI
29,ACM Transactions on Database Systems,0362-5915,k.R.,WI
30,ACM Transactions on Information Systems,1046-8188,B,WI
31,ACM Transactions on Management Information Systems,2158-656X,B,WI
32,Administration & Society,0095-3997,C,ÖBWL
33,Administration and Public Management Review,1583-9583,C,ÖBWL
34,Administrative Science Quarterly (ASQ),0001-8392,A+,ABWL
35,Advanced Information Systems Engineering. Proceedings of the International Conference CAiSE (früher: Proceedings of the Conference on Advanced Information Systems Engineering),verschiedene ISBN,C,WI
36,Advances in Accounting,0882-6110,C,"STEU, RECH"
37,Advances in Applied Business Strategy (eingestellt 2010),0749-6826,k.R.,ABWL
38,Advances in Consumer Research,0098-9258,C,MARK
39,Advances in International Marketing,1474-7979,C,"INT, MARK"
40,Advances in Management Accounting,1474-7871,C,RECH
41,Advances in Strategic Management,0742-3322,C,"ABWL, SM"
42,AIS Transaction on Enterprise Systems,1867-7134,C,WI
43,American Economic Journal: Economic Policy,1945-7731,k.R.,STEU
44,American Economic Review,0002-8282,A+,ABWL
45,American Journal of Public Health,0090-0036,k.R.,Gesundheitswesen
46,American Psychologist,0003-066X,k.R.,keine Disziplin
47,American Review of Public Administration,0275-0740,C,ÖBWL
48,AMS Review,1869-814X,B,MARK
49,Annals of Operations Research,0254-5330,B,OR
50,Applied Economics,0003-6846,k.R.,STEU
51,Applied Financial Economics,0960-3107,C,BA-FI
52,Applied Financial Economics Letters,1744-6546,k.R.,BA-FI
53,Applied Health Economics and Health Policy,1175-5652ÿ,B,Gesundheitswesen
54,Applied Mathematical Finance,1350-486X,k.R.,BA-FI
55,Applied Psychology,0269-994X,B,ORG / PERS
56,Arbeit,0941-5025,k.R.,ORG / PERS
57,Arbeits und Organisationspsychologie A&O,0932-4089,C,ORG / PERS
58,Artificial Intelligence,0004-3702,B,"OR, WI"
59,Asia Pacific Business Review,1360-2381,C,ABWL
60,Asia Pacific Journal of Management,0217-4561,C,ABWL
61,Asian Business & Management,1472-4782,k.R.,INT
62,Asian Journal of Marketing,1819-1924,k.R.,MARK
63,Asia-Pacific Journal of Accounting & Economics,1608-1625,C,RECH
64,Asia-Pacific Journal of Operational Research,0217-5959,C,"LOG, OR, PROD"
65,ASTIN Bulletin,0515-0361,k.R.,"BA-FI, Versicherungswirtschaft"
66,Auditing: A Journal of Practice & Theory,0278-0380,B,RECH
67,Australasian Marketing Journal,1441-3582,D,MARK
68,Australian Accounting Review,1835-2561,C,RECH
69,Australian Journal of Information Systems (AJIS),1326-2238,C,WI
70,Australian Journal of Management,0312-8962,C,ABWL
71,Australian Journal of Public Administration,1467-8500,k.R.,ÖBWL
72,"Australian Tax Forum: a Journal of Taxation Policy, Law and Reform",0812-695X,k.R.,STEU
73,Baltic Journal of Management,1746-5265,C,ABWL
74,Bank Accounting & Finance (eingestellt 2010),0894-3958,k.R.,"BA-FI, RECH"
75,BankArchiv: Zeitschrift für das gesamte Bank- und Börsenwesen,1015-1516,D,BA-FI
76,Bankhistorisches Archiv,0341-6208,k.R.,BA-FI
77,BB-Betriebs-Berater,0340-7918,k.w.Z.,"STEU, RECH"
78,Behavioral Research in Accounting,1050-4753,B,"STEU, RECH"
79,Benchmarking: An International Journal,1463-5771,C,ABWL
80,Betriebswirtschaftliche Blätter: Fachzeitschrift für Unternehmensführung in der Sparkassen-Finanzgruppe,0723-9629,k.w.Z.,ABWL
81,BFuP - Betriebswirtschaftliche Forschung und Praxis,0340-5370,C,ABWL
82,BIT Banking and Information Technology,0006-3835,D,"BA-FI, WI"
83,BKR - Zeitschrift für Bank- und Kapitalmarktrecht,1617-7223,k.R.,BA-FI
84,BMC Health Services Research,1472-6963,C,Gesundheitswesen
85,British Journal of Healthcare Management,1358-0574,C,Gesundheitswesen
86,British Journal of Industrial Relations (BJIR),0007-1080,k.R.,INT
87,British Journal of Management (BJM),1045-3172,B,ABWL
88,British Tax Review,0007-1870,C,STEU
89,Bulletin for International Taxation,0007-4624,k.R.,STEU
90,Business & Information Systems Engineering (BISE) (früher: Wirtschaftsinformatik WI),0937-6429,B,WI
91,Business & Society,0007-6503,B,"NAMA, WEW"
92,Business + Innovation,1868-8241,C,ABWL
93,Business and Society Review,0045-3609,C,NAMA
94,Business Ethics Quarterly (BEQ),1052-150X,B,"RECH, NAMA, WEW"
95,Business Ethics: A European Review,0962-8770,C,"RECH, NAMA, WEW"
96,Business Horizons,0007-6813,C,ABWL
97,Business Process Management Journal,1463-7154,C,"ORG / PERS, TIE, WI"
98,Business Process Management Workshops (früher: Proceedings of the International Conference on Business Process Management (BPM)),verschiedene ISBN,C,WI
99,Business Research (früher: BuR - Business Research),1866-8658,B,ABWL
100,Business Strategy and the Environment,0964-4733,B,"NAMA, SM"
101,Business Strategy Review,0955-6419,C,"ABWL, SM"
102,California Management Review,0008-1256,B,ABWL
103,Canadian Journal of Economics - Revue Canadienne d'économique,0008-4085,k.R.,STEU
104,Canadian Tax Journal - Revue Fiscale Canadienne,0008-5111,k.R.,STEU
105,Central European Journal of Operations Research,1435-246X,C,OR
106,Communications of the ACM (CACM),0001-0782,B,WI
107,Communications of the Association for Information Systems (CAIS),1529-3181,C,WI
108,Computational Management Science,1619-697X,k.R.,OR
109,Computer Networks,1389-1286,k.R.,WI
110,Computer Supported Cooperative Work (CSCW),0925-9724,C,WI
111,Computers and Industrial Engineering,0360-8352,B,PROD
112,Computers and Operations Research,0305-0548,B,"OR, WI"
113,Computers in Industry,0166-3615,C,"OR, PROD, ORG / PERS, WI"
114,"Consumption, Markets and Culture",1025-3866,k.R.,MARK
115,Contemporary Accounting Research - Recherche Comptable Contemporaine,0823-9150,A,"STEU, RECH"
116,Controller Magazin,1616-0495,k.w.Z.,RECH
117,Controlling & Management Review (früher: Zeitschrift für Controlling und Management ZfCM),2195-8262,D,"PROD, RECH"
118,"Controlling, Zeitschrift für erfolgsorientierte Unternehmenssteuerung",0935-0381,D,RECH
119,Corporate Finance (früher: Finanz Betrieb FB),1437-8981,D,"STEU, RECH"
120,Corporate Governance An International Review,0964-8410,C,ABWL
121,Corporate Governance: The International Journal of Business in Society,1472-0701,C,NAMA
122,Corporate Ownership and Control,1727-9232,C,ABWL
123,Corporate Reputation Review,1363-3589,D,"MARK, ORG / PERS"
124,Corporate Social Responsibility and Environmental Management,1535-3958,C,NAMA
125,Cost Management,1092-8057,D,RECH
126,Creativity and Innovation Management,0963-1690,C,"TIE, Entrepreneurship"
127,Credit and Capital Markets - Kredit und Kapital,2199-1227,C,BA-FI
128,Critical Finance Review,2164-5744,k.R.,BA-FI
129,Critical Perspectives on Accounting,1045-2354,B,RECH
130,Critical Perspectives on International Business,1742-2043,k.R.,INT
131,Cross Cultural Management: An International Journal,1352-7606,C,"INT, ORG / PERS"
132,Cross-Cultural Research,1069-3971,k.R.,INT
133,Culture and Organization,1475-9551,k.R.,ORG / PERS
134,Customer Needs and Solutions,2196-291X,k.R.,MARK
135,Das Gesundheitswesen,0941-3790,C,Gesundheitswesen
136,Das Hochschulwesen,0018-2974,k.R.,"HSM, ÖBWL"
137,Das Krankenhaus,0340-3602,k.w.Z.,keine Disziplin
138,Data & Knowledge Engineering,0169-023X,B,"ORG / PERS, WI"
139,Database and Expert Systems Applications. Proceedings of the International Conference DEXA (früher: Proceedings of the International Conference on Database and Expert Systems Applications),verschiedene ISBN,k.R.,WI
140,Datenschutz und Datensicherheit,0724-4371,k.R.,WI
141,DBW Die Betriebswirtschaft- Business Administration Review (BAReV),0342-7064,C,ABWL
142,Decision Analysis,1545-8490,k.R.,OR
143,Decision Sciences,0011-7315,B,"OR, PROD, WI"
144,Decision Support Systems (DSS),0167-9236,B,"MARK, OR, ORG / PERS, WI"
145,Der Betrieb,0005-9935,D,"STEU, RECH"
146,Der Betriebswirt - Management in Wissenschaft und Praxis,0172-6196,D,ABWL
147,"Der Konzern: Zeitschrift fr Gesellschaftsrecht, Steuerrecht, Bilanzrecht und Rechnungslegung der verbundenen Unternehmen",1611-2296,D,RECH
148,der markt - International Journal of Marketing (eingestellt 2013),0025-3863,D,MARK
149,"der moderne staat: Zeitschrift für Public Policy, Recht und Management (DMS)",1865-7192,C,ÖBWL
150,Der Steuerberater - Zeitschrift für Beruf und Praxis,0049-223X,k.w.Z.,STEU
151,Deutsche SteuerZeitung,0724-5637,D,STEU
152,Deutsches Steuerrecht (DStR),0949-7676,D,"STEU, RECH"
153,Die Aktiengesellschaft,0002-3752,D,STEU
154,Die Bank,0342-3182,k.w.Z.,BA-FI
155,Die Öffentliche Verwaltung (DÖV),0029-859X,k.R.,ÖBWL
156,Die Steuerberatung (Stbg),0490-9658,k.w.Z.,STEU
157,Die steuerliche Betriebsprüfung,0340-9503,k.w.Z.,"STEU, RECH"
158,Die Unternehmensbesteuerung (Ubg),1865-7222,D,"STEU, RECH"
159,Die Unternehmung - Swiss Journal of Business Research and Practice,0042-059X,C,ABWL
160,Die Verwaltung: Zeitschrift für Verwaltungsrecht und Verwaltungswissenschaften,0042-4498,k.R.,ÖBWL
161,Die Wirtschaftsprüfung (WPg),0340-9031,C,"BA-FI, STEU, RECH"
162,Discrete Applied Mathematics,0166-218X,A,"LOG, OR, PROD"
163,EC Tax Review,0928-2750,k.R.,STEU
164,Ecological Economics,0921-8009,B,NAMA
165,E-Commerce and Web Technologies. Proceedings of the International Conference EC-Web (früher: Proceedings of the International Conference on Electronic Commerce and Web Technologies),verschiedene ISBN,k.R.,WI
166,Econometrica,0012-9682,A+,ABWL
167,Economic Journal,0013-0133,k.R.,STEU
168,Economics Letters,0165-1765,B,STEU
169,Economics of Education Review,0272-7757,k.R.,HSM
170,Economics of Innovation and New Technology,1043-8599,B,TIE
171,eJournal of Tax Research,1448-2398,k.R.,STEU
172,Electronic Commerce Research,1389-5753,C,"MARK, WI"
173,Electronic Commerce Research and Applications (ECRA),1567-4223,C,"MARK, WI"
174,Electronic Markets (em),1019-6781,B,WI
175,Employee Relations,0142-5455,B,ORG / PERS
176,Energy Economics,0140-9883,B,NAMA
177,Energy Policy,0301-4215,B,"ÖBWL, TIE, NAMA"
178,Enterprise Modelling and Information Systems Architectures (Online),1866-3621,C,WI
179,Entrepreneurship & Regional Development,0898-5626,B,Entrepreneurship
180,Entrepreneurship: Theory and Practice (ET&P),1042-2587,A,"TIE, Entrepreneurship"
181,e-Service Journal,1528-8226,D,"WI, DL-Handel"
182,EURO Journal on Computational Optimization,2192-4406,k.R.,OR
183,EURO Journal on Decision Processes,2193-9438,k.R.,OR
184,EURO Journal on Transportation and Logistics,2192-4376,B,OR
185,Europäische Zeitschrift für Wirtschaftsrecht (EuZW),0937-7204,k.R.,STEU
186,Europäisches Wirtschafts und Steuerrecht (EWS) - Betriebs-Berater Europa,0938-3050,k.R.,STEU
187,European Accounting Review,0963-8180,A,"STEU, RECH"
188,European Business Journal,0955-808X,C,ABWL
189,European Economic Review,0014-2921,k.R.,STEU
190,European Financial Management,1354-7798,B,"BA-FI, INT"
191,European Journal of Finance,1351-847X,B,"BA-FI, RECH"
192,European Journal of Health Economics,1618-7598,B,Gesundheitswesen
193,European Journal of Industrial Relations,0959-6801,k.R.,ORG / PERS
194,European Journal of Information Systems (EJIS),0960-085X,A,WI
195,European Journal of Innovation Management,1460-1060,C,TIE
196,European Journal of International Management,1751-6757,B,INT
197,European Journal of Law and Economics,0929-1261,C,STEU
198,European Journal of Management (EJM): A Publication of the Academy of International Business and Economics,1555-4015,C,ABWL
199,European Journal of Marketing,0309-0566,C,MARK
200,European Journal of Operational Research (EJOR),0377-2217,A,"OR, PROD"
201,European Journal of Political Economy,0176-2680,k.R.,STEU
202,European Journal of Work & Organizational Psychology,1359-432X,B,ORG / PERS
203,European Management Journal,0263-2373,B,ABWL
204,European Management Review (EMR),1740-4754,B,ORG / PERS
205,European Sport Management Quarterly,1618-4742,k.R.,"DL-Handel, Medien Kultur Freizeit"
206,European Taxation,0014-3138,C,"STEU, RECH"
207,Evolutionary Computation,1063-6560,k.R.,"OR, WI"
208,Experimental Economics,1386-4157,A,ABWL
209,f&w führen und wirtschaften im Krankenhaus,0175-4548,k.w.Z.,Gesundheitswesen
210,Family Business Review,0894-4865,B,"Entrepreneurship, KMU"
211,Finance and Stochastics,0949-2984,B,BA-FI
212,Finance Research Letters,1544-6123,B,BA-FI
213,Financial Accountability and Management,ÿ0267-4424,C,"ÖBWL, RECH"
214,Financial Analysts Journal (FAJ),0015-198X,B,BA-FI
215,Financial Management,0046-3892,B,BA-FI
216,Financial Markets and Portfolio Management,1555-4961,C,BA-FI
217,"Financial Markets, Institutions and Instruments",0963-8008,k.R.,BA-FI
218,Financial Review,0732-8516,B/C,BA-FI
219,FinanzArchiv - Public Finance Analysis (FA),0015-2218,B,"BA-FI, STEU"
220,Finanz-Rundschau,0940-452X,C,STEU
221,Fiscal Studies,0143-5671,C,STEU
222,Flexible Services and Manufacturing Journal (FSM),1936-6582,B,"OR, PROD"
223,Forum Wirtschaftsethik,0947-756X,k.w.Z.,WEW
224,Frontiers of Entrepreneurship Research (Proceedings of Babson College Entrepreneurship Research Conference),verschiedene ISBN,C,Entrepreneurship
225,Fuzzy Sets and Systems,0165-0114,k.R.,OR
226,"GAIA - Ökologische Perspektiven in Natur-, Geistes- und Wirtschaftswissenschaften",0940-5550,D,NAMA
227,"Gender, Work & Organization",0968-6673,B,ORG / PERS
228,Geneva Papers on Risk and Insurance: Issues and Practice,1018-5895,B,"BA-FI, Versicherungswirtschaft"
229,Geneva Risk and Insurance Review,1554-964X,k.R.,Versicherungswirtschaft
230,German Economic Review,1465-6485,B,STEU
231,Gesundheitsökonomie und Qualitätsmanagement,1432-2625,D,Gesundheitswesen
232,GFK Marketing Intelligence Review,1865-5866,D,MARK
233,Global Finance Journal,1044-0283,k.R.,BA-FI
234,Global Strategy Journal (GSJ),2042-5805,B,"INT, SM"
235,GmbHRundschau,0016-3570,k.w.Z.,STEU
236,Governance,0952-1895,A,ÖBWL
237,greener management international (eingestellt 2012),0966-9671,D,NAMA
238,Group & Organization Management,1059-6011,B,ORG / PERS
239,Group Decision and Negotiation,0926-2644,B,"MARK, OR, ORG / PERS, WI"
240,Gruppendynamik & Organisationsberatung,0046-6514,k.R.,ORG / PERS
241,Harvard Business Manager,0174-335X,k.w.Z.,ABWL
242,Harvard Business Review,0017-8012,C,ABWL
243,Health Care Management Review,0361-6274,B,Gesundheitswesen
244,Health Care Management Science,1386-9620,A,Gesundheitswesen
245,Health Economics,1057-9230,A,Gesundheitswesen
246,"Health Economics, Policy and Law",1744-1331,k.R.,Gesundheitswesen
247,Health Policy,0168-8510,B,Gesundheitswesen
248,Health Services Management Research,0951-4848,C,Gesundheitswesen
249,Health Services Research (HSR),0017-9124,A,Gesundheitswesen
250,Higher Education,0018-1560,k.R.,HSM
251,Higher Education Quarterly,1468-2273,k.R.,HSM
252,HMD - Praxis der Wirtschaftsinformatik,1436-3011,D,WI
253,"Hochschulmanagement. Zeitschrift für die Leitung, Entwicklung und Selbstverwaltung von Hochschulen und Wissenschaftseinrichtungen",1860-3025,k.R.,"HSM, ÖBWL"
254,Human Performance,0895-9285,k.R.,ORG / PERS
255,Human Relations,0018-7267,B,ORG / PERS
256,Human Resource Development International,1367-8868,k.R.,ORG / PERS
257,Human Resource Development Review (HRD Review),1534-4843,k.R.,ORG / PERS
258,Human Resource Management,0090-4848,B,ORG / PERS
259,Human Resource Management Journal,0954-5395,B,ORG / PERS
260,Human Resource Management Review,1053-4822,B,ORG / PERS
261,Human-Computer Interaction,0737-0024,C,WI
262,IBM Journal of Research and Development (früher: IBM Systems Journal),0018-8670,C,WI
263,IEEE Computer,0018-9162,C,WI
264,IEEE Internet Computing,1089-7801,k.R.,WI
265,IEEE Pervasive Computing,1536-1268,k.R.,WI
266,IEEE Software,0740-7459,C,WI
267,"IEEE Transactions on Components, Packaging, and Manufacturing Technology (früher: IEEE Transactions on Product Engineering and Production)",2156-3950,k.R.,"PROD, WI"
268,IEEE Transactions on Engineering Management,0018-9391,B,"TIE, WI"
269,IEEE Transactions on Software Engineering,0098-5589,B,WI
270,"IEEE Transactions on Systems, Man, and Cybernetics: Systems (früher: ...Part A: Systems and Humans)",2168-2216,C,"OR, WI"
271,IIE Transactions,0740-817X,A,"OR, PROD"
272,"IM+io - Das Magazin für Innovation, Organisation und Management (früher: Information Management & Consulting)",1616-1017,k.w.Z.,"WI, DL-Handel"
273,Industrial and Corporate Change (ICC),0960-6491,B,"ORG / PERS, TIE"
274,Industrial and Labor Relations Review (ILR Review),0019-7939,A/B,"INT, ORG / PERS"
275,Industrial Management & Data Systems,0263-5577,k.R.,"PROD, TIE, WI"
276,Industrial Marketing Management,0019-8501,B,MARK
277,Industrielle Beziehungen,0943-2779,C,ORG / PERS
278,Industry & Innovation,1366-2716,B,"ORG / PERS, TIE, Entrepreneurship"
279,INFOR: Information Systems and Operational Research (früher: Journal for Canadian Operational Research Society),0315-5986,k.R.,OR
280,Informatik-Spektrum,0170-6012,D,WI
281,Information & Management,0378-7206,B,WI
282,Information and Organization,1471-7727,B,"RECH, WI"
283,Information Resources Management Journal,1040-1628,k.R.,"ORG / PERS, WI"
284,Information Systems (IS),0306-4379,B,WI
285,Information Systems and e-Business Management,1617-9846,C,WI
286,Information Systems Frontiers,1387-3326,B,WI
287,Information Systems Journal (ISJ),1350-1917,A,WI
288,Information Systems Management,1058-0530,C,WI
289,Information Systems Research (ISR),1047-7047,A+,"OR, WI"
290,Information Technology and Management,1385-951X,C,WI
291,INFORMS Journal on Computing (JOC),1091-9856,A,"OR, WI"
292,Innovative Verwaltung,1618-9876,k.R.,"ÖBWL, ORG / PERS"
293,Insurance: Mathematics & Economics,0167-6687,k.R.,Versicherungswirtschaft
294,"Intelligent Systems in Accounting, Finance & Management",1055-615X,k.R.,"RECH, WI"
295,Interfaces,0092-2102,B,"OR, PROD"
296,Internal Auditor,0020-5745,k.R.,RECH
297,International Business & Economics Research Journal,1535-0754,C,ABWL
298,International Business Review,0969-5931,B,INT
299,International Economic Review,0020-6598,k.R.,INT
300,International Entrepreneurship and Management Journal,1554-7191,B/C,Entrepreneurship
301,International Journal of Accounting,0020-7063,B,RECH
302,International Journal of Accounting Information Systems,1467-0895,C,RECH
303,"International Journal of Accounting, Auditing and Performance Evaluation",1740-8008,C,"STEU, RECH"
304,International Journal of Advertising,0265-0487,C,MARK
305,International Journal of Arts Management,1480-8986,k.R.,Medien Kultur Freizeit
306,International Journal of Auditing,1090-6738,B,RECH
307,International Journal of Automotive Technology and Management,1470-9511,C,"PROD, TIE"
308,International Journal of Bank Marketing,0265-2323,k.R.,"BA-FI, MARK"
309,International Journal of Business Communication (IJBC),0021-9436,k.R.,"MARK, ORG / PERS"
310,International Journal of Business Environment,1740-0589,C,ABWL
311,International Journal of Business Intelligence and Data Mining,1743-8187,k.R.,WI
312,International Journal of Business Intelligence Research,1947-3591,k.R.,WI
313,International Journal of Business Performance Management IJBPM,1368-4892,D,ABWL
314,International Journal of Business Research (IJBR): A Publication of the Academy of International Business and Economics,1554-5466,C,ABWL
315,International Journal of Business Science and Applied Management,1753-0296,C,ABWL
316,International Journal of Business Strategy (IJBS): A Publication of the Academy of International Business and Economics,1553-9563,C,"ABWL, SM"
317,International Journal of Consumer Studies,1470-6423,D,MARK
318,International Journal of Cross Cultural Management (CCM),1470-5958,k.R.,INT
319,International Journal of Economics and Accounting,2041-868X,C,RECH
320,International Journal of Economics and Business Research (IJEBR),1756-9850,C,ABWL
321,International Journal of Electronic Business,1470-6067,C,"MARK, WI"
322,International Journal of Electronic Commerce (IJEC),1086-4415,B,WI
323,International Journal of Energy Sector Management,1750-6220,B,"PROD, TIE, NAMA"
324,International Journal of Entrepreneurial Behaviour & Research,1355-2554,C,"TIE, Entrepreneurship"
325,International Journal of Entrepreneurial Venturing,1742-5360,B,"TIE, Entrepreneurship, KMU"
326,International Journal of Entrepreneurship and Innovation,1465-7503,C,"TIE, Entrepreneurship"
327,International Journal of Entrepreneurship and Innovation Management,1368-275X,C,"TIE, Entrepreneurship"
328,International Journal of Entrepreneurship and Small Business,1476-1297,C,Entrepreneurship
329,International Journal of Finance,1041-2743,C,BA-FI
330,International Journal of Forecasting,0169-2070,C,OR
331,International Journal of Game Theory,0020-7276,k.R.,OR
332,International Journal of Globalisation and Small Business,1479-3059,C,Entrepreneurship
333,International Journal of Government Auditing,0047-0724,k.R.,RECH
334,International Journal of Health Care Finance and Economics,1389-6563,k.R.,Gesundheitswesen
335,International Journal of Health Planning and Management,0749-6753,k.R.,Gesundheitswesen
336,International Journal of Healthcare Management (früher: Journal of Management & Marketing in Healthcare),1753-3031,D,Gesundheitswesen
337,International Journal of Human Resource Management,0958-5192,B,ORG / PERS
338,International Journal of Human Resources: Development and Management,1465-6612,k.R.,ORG / PERS
339,International Journal of Industrial Organization,0167-7187,B,ABWL
340,International Journal of Information Management,0268-4012,C,WI
341,International Journal of Information System Modeling and Design (IJISMD),1947-8186,k.R.,WI
342,International Journal of Information Technologies and Systems Approach,1935-570X,k.R.,WI
343,International Journal of Information Technology & Decision Making,0219-6220,C,"OR, TIE, WI"
344,International Journal of Innovation and Sustainable Development,1740-8822,C,"TIE, NAMA, WEW"
345,International Journal of Innovation and Technology Management,0219-8770,C,"TIE, Entrepreneurship"
346,International Journal of Innovation Management,1363-9196,B,"TIE, Entrepreneurship"
347,International Journal of Integrated Supply Management,1477-5360,C,"LOG, PROD"
348,International Journal of Internet Marketing and Advertising,1477-5212,k.R.,MARK
349,International Journal of Knowledge Management (IJKM),1548-0666,C,"ORG / PERS, WI"
350,International Journal of Knowledge Management Studies (eingestellt 2012),1743-8268,C,ABWL
351,International Journal of Learning and Change,1740-2875,k.R.,ORG / PERS
352,International Journal of Logistics Management,0957-4093,C,"LOG, PROD"
353,International Journal of Logistics: Research and Applications,1367-5567,C,LOG
354,International Journal of Management and Enterprise Development,1468-4330,k.R.,Entrepreneurship
355,International Journal of Management Practice,1477-9064,C,ABWL
356,International Journal of Management Reviews IJMR,1460-8545,B,ABWL
357,International Journal of Managerial and Financial Accounting,1753-6715,C,RECH
358,International Journal of Manpower,0143-7720,k.R.,ORG / PERS
359,International Journal of Market Research (früher: Journal of the Market Research Society),0025-3618,D,MARK
360,International Journal of Microsimulation,1747-5864,k.R.,STEU
361,International Journal of Mobile Communications,1470-949X,C,"TIE, WI"
362,International Journal of Networking and Virtual Organisations,1470-9503,k.R.,"ORG / PERS, TIE"
363,International Journal of Nonprofit and Voluntary Sector Marketing,1465-4520,C,"MARK, ÖBWL"
364,International Journal of Operations & Production Management,0144-3577,B,"LOG, OR, PROD"
365,International Journal of Operations and Quantitative Management,1082-1910,k.R.,"OR, PROD"
366,International Journal of Operational Research,1745-7645,C,OR
367,International Journal of Physical Distribution & Logistics Management,0960-0035,B,"LOG, PROD"
368,International Journal of Product Development,1477-9056,C,TIE
369,International Journal of Product Lifecycle Management,1743-5110,C,ABWL
370,International Journal of Production Economics,0925-5273,B,"LOG, OR, PROD"
371,International Journal of Production Research,0020-7543,B,"OR, PROD"
372,International Journal of Productivity and Performance Management,1741-0401,C,ABWL
373,International Journal of Project Management,0263-7863,C,ABWL
374,International Journal of Project Organization and Management Science (IJPOM),1740-2891,k.R.,ABWL
375,International Journal of Public Administration,0190-0692,C,ÖBWL
376,International Journal of Public Sector Management,0951-3558,C,ÖBWL
377,International Journal of Public Sector Performance Management,1741-1041,C,ÖBWL
378,International Journal of Research in Marketing,0167-8116,A,MARK
379,International Journal of Retail & Distribution Management,0959-0552,C,"MARK, DL-Handel"
380,International Journal of Revenue Management,1474-7332,C,ABWL
381,"International Journal of Service Science, Management, Engineering, and Technology (IJSSMET)",1947-959X,D,"WI, DL-Handel"
382,International Journal of Services and Operations Management,1744-2370,k.R.,PROD
383,International Journal of Services Technology and Management,1460-6720,k.R.,DL-Handel
384,International Journal of Sports Marketing & Sponsorship,1464-6668,D,"MARK, Medien Kultur Freizeit"
385,International Journal of Strategic Management (IJSM): A Publication of the Academy of International Business and Economics,1555-2411,C,"ABWL, SM"
386,International Journal of Sustainable Strategic Management,1753-3600,C,"NAMA, SM"
387,International Journal of Technology Assessment in Health Care,0266-4623,B,Gesundheitswesen
388,International Journal of Technology Intelligence and Planning,1740-2832,k.R.,TIE
389,International Journal of Technology Management,0267-5730,C,TIE
390,International Journal of Technology Marketing,1741-878X,k.R.,TIE
391,International Journal of the Economics of Business,1357-1516,C,ABWL
392,International Journal of Theoretical and Applied Finance,0219-0249,B,BA-FI
393,International Journal on Media Management,1424-1277,C,"WI, Medien Kultur Freizeit"
394,International Marketing Review,0265-1335,B,"INT, MARK"
395,International Public Management Journal,1096-7494,B,ÖBWL
396,International Public Management Review (IPMR),1662-1387,C,ÖBWL
397,International Review of Administrative Sciences,0020-8523,C,ÖBWL
398,International Review of Law and Economics,0144-8188,B,ABWL
399,"International Review of Retail, Distribution and Consumer Research",0959-3969,C,"MARK, DL-Handel"
400,International Review on Public and Nonprofit Marketing,1865-1984,C,ÖBWL
401,International Small Business Journal,0266-2426,C,"TIE, Entrepreneurship, KMU"
402,International Studies of Management & Organization,0020-8825,C,ABWL
403,International Tax and Public Finance,0927-5940,B,"BA-FI, STEU, ÖBWL"
404,International Transactions in Operational Research,0969-6016,k.R.,OR
405,Internationale Wirtschafts-Briefe (IWB),0020-9368,k.R.,STEU
406,Internationales Steuerrecht (iStR),0942-6744,C,"STEU, INT"
407,Internationales Verkehrswesen,0020-9511,k.R.,LOG
408,Intertax,0165-2826,C,STEU
409,IO management (früher: IO new management) (eingestellt 2013),1660-5683,D,ABWL
410,IRZ - Zeitschrift für Internationale Rechnungslegung,1862-5533,D,RECH
411,Issues in Accounting Education,0739-3172,C,RECH
412,Jahrbuch der Absatz- und Verbrauchsforschung (eingestellt 2009),0021-3985,k.R.,MARK
413,Jahrbuch der KMU-Forschung und -Praxis,verschiedene ISBN,k.R.,KMU
414,Jahrbuch für Wirtschaftswissenschaften - Review of Economics,0948-5139,C,ABWL
415,Jahrbuch Vertriebs- und Handelsmanagement (früher: Jahrbuch Handelsmanagement) (eingestellt 2010),verschiedene ISBN,k.R.,DL-Handel
416,Jahrbücher für Nationalökonomie und Statistik: Journal of Economics and Statistics,0021-4027,k.R.,STEU
417,JORS. Journal of the Operational Research Society (früher: Operational Research Quarterly),0160-5682,B,OR
418,Journal for East European Management Studies,0949-6181,C,ABWL
419,Journal for General Philosophy of Science (Zeitschrift für allgemeine Wissenschaftstheorie),0925-4560ÿ,k.R.,"RECH, WEW"
420,Journal for Labour Market Research - Zeitschrift für ArbeitsmarktForschung (früher: Zeitschrift für Arbeitsmarkt Forschung),1614-3485,k.R.,ORG / PERS
421,Journal of Academy of Business and Economics,1542-8710,C,ABWL
422,Journal of Accountancy,0021-8448,D,RECH
423,Journal of Accounting & Organizational Change,1832-5912,B,"ORG / PERS, RECH"
424,Journal of Accounting and Economics,0165-4101,A+,"STEU, RECH"
425,Journal of Accounting and Public Policy,0278-4254,B,"STEU, ÖBWL, RECH"
426,Journal of Accounting Education,0748-5751,C,RECH
427,Journal of Accounting Literature,0737-4607,B,RECH
428,Journal of Accounting Research,0021-8456,A+,"STEU, RECH"
429,"Journal of Accounting, Auditing & Finance",0148-558X,B,"BA-FI, STEU, RECH"
430,Journal of Advertising,0091-3367,B,MARK
431,Journal of Advertising Research JAR,0021-8499,C,MARK
432,Journal of Applied Accounting Research,0967-5426,C,RECH
433,Journal of Applied Behavioral Science,0021-8863,B,ORG / PERS
434,Journal of Applied Business Research,0892-7626,C,ABWL
435,Journal of Applied Corporate Finance,1078-1196,C,BA-FI
436,Journal of Applied Psychology,0021-9010,A,"MARK, ORG / PERS"
437,"Journal of Arts Management, Law, and Society",1063-2921,k.R.,Medien Kultur Freizeit
438,Journal of Asset Management,1470-8272,B,BA-FI
439,Journal of Banking & Finance,0378-4266,A,"BA-FI, STEU"
440,Journal of Behavioral and Experimental Economics,1053-5357,B,ABWL
441,Journal of Behavioral Decision Making,0894-3257,B,"STEU, MARK, ORG / PERS"
442,Journal of Behavioral Finance,1542-7560,B,"BA-FI, STEU"
443,Journal of Brand Management,1350-231X,C,MARK
444,Journal of Business & Industrial Marketing,0885-8624,C,MARK
445,Journal of Business and Psychology,0889-3268,B,ORG / PERS
446,Journal of Business Economics (JBE) (früher: Zeitschrift für Betriebswirtschaft ZfB),0044-2372,B,ABWL
447,Journal of Business Ethics,0167-4544,B,"RECH, NAMA, WEW"
448,Journal of Business Finance & Accounting,0306-686X,B,"BA-FI, STEU, RECH"
449,Journal of Business Logistics,0735-3766,B,"LOG, PROD"
450,Journal of Business Market Management (jbm),1864-0753,D,MARK
451,Journal of Business Research,0148-2963,B,ABWL
452,Journal of Business Strategies,0887-2058,C,ABWL
453,Journal of Business Strategy,0275-6668,C,"ABWL, SM"
454,Journal of Business Valuation and Economic Loss Analysis,1932-9156,C,"BA-FI, STEU, RECH"
455,Journal of Business Venturing (JBV),0883-9026,A,"TIE, Entrepreneurship"
456,Journal of Business-to-Business Marketing,1051-712X,C,MARK
457,Journal of Change Management,1469-7017,C,ORG / PERS
458,Journal of Civil Society,1744-8689,k.R.,ÖBWL
459,Journal of Cleaner Production,0959-6526,B,NAMA
460,Journal of Combinatorial Optimization,1382-6905,k.R.,OR
461,Journal of Communication,0021-9916,B,"MARK, Medien Kultur Freizeit"
462,Journal of Competence-based Strategic Management (früher: Jahrbuch Strategisches Kompetenzmanagement),2199-7179,C,"ORG / PERS, SM, TIE"
463,Journal of Computational Finance,1460-1559,B,"BA-FI, WI"
464,Journal of Computer-Mediated Communication (JCMC),1083-6101,C,"MARK, WI, Medien Kultur Freizeit"
465,Journal of Consumer Affairs,0022-0078,C,"MARK, NAMA"
466,Journal of Consumer Behaviour,1472-0817,C,MARK
467,Journal of Consumer Marketing,0736-3761,C/D,MARK
468,Journal of Consumer Policy,0168-7034,C,"MARK, NAMA"
469,Journal of Consumer Psychology,1057-7408,A,MARK
470,Journal of Consumer Research,0093-5301,A+,MARK
471,"Journal of Consumer Satisfaction, Dissatisfaction and Complaining Behavior",0899-8620,k.R.,MARK
472,Journal of Contemporary Accounting & Economics,1815-5669,C,RECH
473,Journal of Corporate Accounting and Finance,1044-8136,k.R.,RECH
474,Journal of Corporate Finance,0929-1199,B,"BA-FI, STEU"
475,Journal of Credit Risk,1744-6619,B,BA-FI
476,Journal of Cross-Cultural Psychology,0022-0221,k.R.,INT
477,Journal of Cultural Economics,0885-2545,B,"MARK, Medien Kultur Freizeit"
478,Journal of Customer Behaviour,1475-3928,C,MARK
479,Journal of Data and Information Quality,1936-1955,k.R.,WI
480,Journal of Decision Systems,1246-0125,B,"OR, WI"
481,Journal of Derivatives,1074-1240,B,BA-FI
482,Journal of Developmental Entrepreneurship,1084-9467,C,"TIE, Entrepreneurship"
483,Journal of East European Management Studies,0949-6181,k.R.,INT
484,Journal of Economic Behavior and Organization,0167-2681,A,"STEU, ORG / PERS"
485,Journal of Economic Dynamics & Control,0165-1889,A,"BA-FI, OR"
486,Journal of Economic Psychology,0167-4870,B,ABWL
487,Journal of Economics & Business,0148-6195,C,ABWL
488,Journal of Economics & Management Strategy,1058-6407,A,"ABWL, SM"
489,Journal of Economics and Finance,1055-0925,C,BA-FI
490,Journal of Electronic Commerce in Organizations,1539-2937,C,"MARK, ORG / PERS, WI"
491,Journal of Electronic Commerce Research,1526-6133,C,"MARK, WI"
492,Journal of Empirical Finance,0927-5398,B,BA-FI
493,Journal of Engineering and Technology Management,0923-4748,C,TIE
494,Journal of Enterprise Information Management,1741-0398,C,"LOG, WI"
495,Journal of Enterprising Culture,0218-4958,C,Entrepreneurship
496,Journal of Entrepreneurial Finance and Business Ventures (früher: Journal of Entrepreneurial and Small Business Finance) (eingestellt 2009),1099-2219,C,"BA-FI, TIE, Entrepreneurship, KMU"
497,Journal of Entrepreneurship,0971-3557,C,"TIE, Entrepreneurship"
498,Journal of Entrepreneurship Education (JEE),1098-8394,C,"TIE, Entrepreneurship"
499,Journal of Environmental Economics and Management,0095-0696,B,NAMA
500,Journal of Environmental Management,0301-4797,B/C,NAMA
501,Journal of Environmental Planning and Management,0964-0568,C,NAMA
502,Journal of Environmental Sustainability (eingestellt 2013),2159-2519,k.R.,NAMA
503,Journal of European Public Policy,1350-1763,k.R.,ÖBWL
504,Journal of European Social Policy,0958-9287,k.R.,ÖBWL
505,Journal of Family Business Management,2043-6238,C,Entrepreneurship
506,Journal of Family Business Strategy,1877-8585,C,"ORG / PERS, SM, Entrepreneurship, KMU"
507,Journal of Financial and Quantitative Analysis (JFQA),0022-1090,A,"BA-FI, STEU, RECH"
508,Journal of Financial Econometrics,1479-8409,B,BA-FI
509,Journal of Financial Economics,0304-405X,A+,"BA-FI, STEU"
510,Journal of Financial Intermediation,1042-9573,A,BA-FI
511,Journal of Financial Markets,1386-4181,B,BA-FI
512,Journal of Financial Research,0270-2592,C,BA-FI
513,Journal of Financial Services Marketing,1363-0539,k.R.,"BA-FI, MARK, Versicherungswirtschaft"
514,Journal of Financial Services Research,0920-8550,C,"BA-FI, DL-Handel"
515,Journal of Fixed Income,1059-8596,B,BA-FI
516,Journal of Forecasting,0277-6693,B,"MARK, OR"
517,Journal of Forensic & Investigative Accounting,2165-3755,k.R.,RECH
518,Journal of Futures Markets,0270-7314,B,BA-FI
519,Journal of General Management,0306-3070,C,ABWL
520,Journal of Global Marketing,0891-1762,C,"INT, MARK"
521,Journal of Global Responsibility,2041-2568,C,NAMA
522,Journal of Health Economics,0167-6296,A,Gesundheitswesen
523,Journal of Health Services Research & Policy,1355-8196,B/C,Gesundheitswesen
524,Journal of Healthcare Management,1096-9012,C,Gesundheitswesen
525,Journal of Heuristics,1381-1231,B,OR
526,Journal of High Technology Management Research,1047-8310,k.R.,TIE
527,Journal of Human Resources (JHR),0022-166X,k.R.,ORG / PERS
528,Journal of Industrial Ecology,1088-1980,A,NAMA
529,Journal of Industrial Economics,0022-1821,A,ABWL
530,Journal of Industrial Engineering,2314-4882ÿ,k.R.,PROD
531,Journal of Industrial Relations (JIR),0022-1856,k.R.,ORG / PERS
532,Journal of Information Systems,0888-7985,C,"RECH, WI"
533,Journal of Information Technology,0268-3962,A,WI
534,Journal of Information Technology Theory and Application (JITTA),1532-4516,C,WI
535,Journal of Institutional and Theoretical Economics (JITE),0932-4569,B,"STEU, ORG / PERS"
536,Journal of Intellectual Capital,1469-1930,C,ABWL
537,Journal of Interactive Marketing,1094-9968,B,MARK
538,Journal of International Accounting Auditing and Taxation,1061-9518,B,"STEU, RECH"
539,Journal of International Accounting Research,1542-6297,B,"INT, RECH"
540,Journal of International Business and Economics (JIBE),1544-8037,C,ABWL
541,Journal of International Business Studies JIBS,0047-2506,A,"INT, ORG / PERS"
542,Journal of International Entrepreneurship,1570-7385,C,"INT, TIE, Entrepreneurship"
543,Journal of International Financial Management and Accounting,0954-1314,C,RECH
544,"Journal of International Financial Markets, Institutions and Money",1042-4431,k.R.,BA-FI
545,Journal of International Management,1075-4253,B,INT
546,Journal of International Marketing,1069-031X,B,"INT, MARK"
547,Journal of International Money and Finance,0261-5606,B,"BA-FI, INT"
548,Journal of Knowledge Management,1367-3270,C,ORG / PERS
549,Journal of Labor Economics,0734-306X,A,ORG / PERS
550,Journal of Law & Economics,0022-2186,B,STEU
551,"Journal of Law, Economics, & Organization",8756-6222,B,ORG / PERS
552,Journal of Leadership & Organizational Studies,1548-0518,k.R.,ORG / PERS
553,Journal of Macromarketing,0276-1467,C,"MARK, NAMA"
554,Journal of Management (JOM),0149-2063,A,ABWL
555,Journal of Management Accounting Research,1049-2127,B,RECH
556,Journal of Management and Governance,1385-3457,C,ABWL
557,Journal of Management Control (früher: Zeitschrift für Planung und Unternehmenssteuerung),2191-4761,C,ABWL
558,Journal of Management Education,1052-5629,B,ABWL
559,Journal of Management Information Systems,0742-1222,A,WI
560,Journal of Management Inquiry,1056-4926,B,ABWL
561,Journal of Management Studies (JMS),0022-2380,A,ABWL
562,Journal of Managerial Issues,1045-3695,C,ABWL
563,Journal of Managerial Psychology,0268-3946,B,ORG / PERS
564,Journal of Manufacturing Technology Management,1741-038X,k.R.,"OR, PROD, TIE"
565,Journal of Marketing,0022-2429,A+,MARK
566,"Journal of Marketing Analytics (früher: Journal of Targeting, Measurement and Analysis for Marketing)",2050-3318,k.R.,MARK
567,Journal of Marketing Channels,1046-669X,k.R.,MARK
568,Journal of Marketing Communications,1352-7266,k.R.,MARK
569,Journal of Marketing Education (jme),0273-4753,k.R.,"HSM, MARK"
570,Journal of Marketing Management,0267-257X,C,MARK
571,Journal of Marketing Research,0022-2437,A+,MARK
572,Journal of Marketing Theory and Practice,1069-6679,C,MARK
573,Journal of Media Economics,0899-7764,B,"MARK, Medien Kultur Freizeit"
574,Journal of Modelling in Management,1746-5664,k.R.,ABWL
575,"Journal of Money, Credit and Banking (JMCB)",0022-2879,A,BA-FI
576,Journal of Multi-Criteria Decision Analysis,1057-9214,k.R.,OR
577,"Journal of Neuroscience, Psychology, and Economics",1937-321X,C,ABWL
578,Journal of Non Profit and Public Sector Marketing,1049-5142,C,ÖBWL
579,Journal of Occupational and Organizational Psychology,0963-1798,B,ORG / PERS
580,Journal of Operations Management,0272-6963,A,"LOG, OR, PROD"
581,Journal of Organizational Behavior,0894-3796,A,ORG / PERS
582,Journal of Organizational Change Management,0953-4814,k.R.,ORG / PERS
583,Journal of Organizational Computing and Electronic Commerce,1091-9392,C,WI
584,Journal of Personnel Psychology (früher: Zeitschrift für Personalpsychologie),1866-5888,C,ORG / PERS
585,Journal of Policy Analysis and Management,0276-8739,k.R.,ÖBWL
586,Journal of Political Economy,0022-3808,A+,ABWL
587,Journal of Prediction Markets,1750-676X,k.R.,WI
588,Journal of Product & Brand Management,1061-0421,C,"MARK, TIE"
589,Journal of Product Innovation Management (JPIM),0737-6782,A,"MARK, TIE"
590,Journal of Promotion Management,1049-6491,k.R.,MARK
591,Journal of Property Investment and Finance,1463-578X,k.R.,BA-FI
592,Journal of Public Administration Research and Theory,1053-1858,A,"ÖBWL, ORG / PERS"
593,Journal of Public Economic Theory,1097-3923,k.R.,STEU
594,Journal of Public Economics,0047-2727,A,"STEU, ÖBWL"
595,Journal of Purchasing & Supply Management,1478-4092,B,"LOG, MARK, PROD"
596,Journal of Real Estate Literature,0927-7544,k.R.,
597,Journal of Real Estate Portfolio Management,1083-5547,k.R.,BA-FI
598,Journal of Real Estate Research (JRER),0896-5803,B,"BA-FI, STEU"
599,Journal of Relationship Marketing,1533-2667,C,MARK
600,Journal of Research in Marketing and Entrepreneurship,1471-5201,C,Entrepreneurship
601,Journal of Retailing,0022-4359,A,"MARK, DL-Handel"
602,Journal of Retailing and Consumer Services,0969-6989,C,"MARK, DL-Handel"
603,Journal of Revenue and Pricing Management,1476-6930,C,"MARK, OR"
604,Journal of Risk,1465-1211,B,"BA-FI, RECH"
605,Journal of Risk and Insurance,0022-4367,A,Versicherungswirtschaft
606,Journal of Risk and Uncertainty,0895-5646,B,"OR, ORG / PERS"
607,Journal of Risk Finance,1526-5943,B,BA-FI
608,Journal of Scheduling,1094-6136,A,OR
609,Journal of Service Management,1757-5818,B,"MARK, ORG / PERS, DL-Handel"
610,Journal of Service Research - JSR,1094-6705,A,"MARK, DL-Handel"
611,Journal of Services Marketing,0887-6045,C,"MARK, DL-Handel"
612,Journal of Small Business and Enterprise Development (JSBED),1462-6004,k.R.,Entrepreneurship
613,Journal of Small Business and Entrepreneurship,0827-6331,C,"TIE, Entrepreneurship, KMU"
614,Journal of Small Business Management (JSBM),0047-2778,B,"TIE, Entrepreneurship, KMU"
615,Journal of Small Business Strategy,1081-8510,C,"SM, TIE, Entrepreneurship, KMU"
616,Journal of Strategic Marketing,0965-254X,C,MARK
617,Journal of Strategy and Management,1755-425X,C,"ABWL, SM"
618,Journal of Supply Chain Management,1523-2409,B,"LOG, PROD"
619,Journal of Taxation,0022-4863,C,"STEU, RECH"
620,Journal of the Academy of Marketing Science,0092-0703,A,MARK
621,Journal of the ACM (JACM),0004-5411,B,WI
622,Journal of the Association for Information Systems (JAIS),1536-9323,A,WI
623,Journal of the European Economic Association,1542-4766,k.R.,STEU
624,Journal of Travel & Tourism Marketing,1054-8408,k.R.,MARK
625,Journal of Vocational Behavior,0001-8791,B,ORG / PERS
626,Journal of World Business,1090-9516,B,"INT, NAMA"
627,JPP&M Journal of Public Policy & Marketing,0743-9156,B,"MARK, ÖBWL"
628,JPSSM - Journal of Personal Selling & Sales Management,0885-3134,B,MARK
629,KMPR. Knowledge Management Research & Practice,1477-8238,k.R.,"ORG / PERS, WI"
630,KoR. IFRS: Internationale und kapitalmarktorientierte Rechnungslegung,1617-8084,D,RECH
631,kösdi. Kölner Steuerdialog,0172-1720,k.R.,STEU
632,Künstliche Intelligenz - KI,0933-1875,k.R.,WI
633,Kyklos,0023-5962,B,ABWL
634,Labour Economics,0927-5371,B,ORG / PERS
635,Leadership,1742-7150,k.R.,ORG / PERS
636,Leadership Quarterly,1048-9843,A,ORG / PERS
637,Lecture Notes in Business Information Processing,1865-1348,C,WI
638,Lecture Notes in Computer Science (LNCS),0302-9743,C,"TIE, WI"
639,Lecture Notes in Informatics (LNI) (Proceedings),1617-5468,C,WI
640,Local Government Studies,0300-3930,k.R.,ÖBWL
641,Logistics Research,1865-035Xÿ,C,"LOG, OR, PROD"
642,Long Range Planning,0024-6301,B,"ABWL, SM"
643,Management (früher: Management online),1286-4892,C,ABWL
644,Management Accounting Quarterly,1528-5359,D,RECH
645,Management Accounting Research,1044-5005,A,RECH
646,Management and Organisation Review,1740-8776,C,ABWL
647,Management Decision,0025-1747,C,ABWL
648,Management Information Systems Quarterly (MISQ),0276-7783,A+,"OR, PROD, WI"
649,Management International Review,0938-8249,B,INT
650,Management Learning,1350-5076,B,"HSM, ORG / PERS"
651,Management of Environmental Quality: An International Journal,1477-7835,k.R.,NAMA
652,Management Research Review (früher: Management Research News),2040-8269,C,ABWL
653,Management Review Quarterly (früher: Journal für Betriebswirtschaft JfB),0344-9327,C,ABWL
654,management revue - Socio-economic Studies (früher: management revue - The international Review of Management Studies),0935-9915,C,ABWL
655,Management Science,0025-1909,A+,ABWL
656,Managementforschung,1615-6005,B,ORG / PERS
657,Managerial and Decision Economics,0143-6570,B,"STEU, OR, ORG / PERS, RECH"
658,Managerial Auditing Journal,0268-6902,C,RECH
659,Managing Service Quality,0960-4529,C,DL-Handel
660,Manufacturing & Service Operations Management (M&SOM),1523-4614,A,"OR, PROD, DL-Handel"
661,Marketing Health Services (früher: Journal of Health Care Marketing),1094-1304,k.R.,"MARK, Gesundheitswesen"
662,Marketing Intelligence & Planning,0263-4503,k.R.,MARK
663,Marketing Letters,0923-0645,B,MARK
664,Marketing Review St. Gallen,1865-6544,D,"MARK, DL-Handel"
665,Marketing Science,0732-2399,A+,MARK
666,Marketing Theory,1470-5931,C,MARK
667,Marketing Theory and Applications (Proceedings of the AMA Winter Educators' Conference ),1054-0806,D,MARK
668,Marketing. ZFP - Journal of Research and Management (früher: Zeitschrift für Forschung und Praxis (Marketing ZFP),0344-1369,C,MARK
669,Mathematical Finance,0960-1627,B,BA-FI
670,Mathematical Methods of Operations Research,1432-2994,B,OR
671,Mathematical Programming,0025-5610,A,"OR, WI"
672,Mathematics of Operations Research,0364-765X,A,OR
673,McKinsey Quarterly,0047-5394,k.w.Z.,ABWL
674,Medical Care,0025-7079,k.R.,Gesundheitswesen
675,Medical Decision Making,0272-989X,A,Gesundheitswesen
676,Medienwirtschaft - Zeitschrift für Medienmanagement und Kommunikationsökonomie,1613-0669,k.R.,Medien Kultur Freizeit
677,MIS Quarterly Executive,1540-1960,B,WI
678,MIT Sloan Management Review,1532-9194,C,ABWL
679,Multinational Business Review,1525-383X,C,INT
680,Multivariate Behavioral Research,0027-3171,k.R.,MARK
681,National Tax Journal,0028-0283,A,STEU
682,Naval Research Logistics,0894-069X,B,"LOG, OR"
683,Negotiation Journal,0748-4526,C,ABWL
684,Networks,1097-0037,k.R.,OR
685,NeuroPsychoEconomics,1861-4523,k.R.,MARK
686,Nonprofit and Voluntary Sector Quarterly,0899-7640,B,ÖBWL
687,Nonprofit Management & Leadership,1048-6682,B,ÖBWL
688,Nonprofit Policy Forum,2154-3348,k.R.,ÖBWL
689,NWB Rechnungswesen -BBK,0340-9848,k.w.Z.,RECH
690,NWB Steuer- und Wirtschaftsrecht - NWB direkt (früher: Neue WirtschaftsBriefe),1860-9449,k.R.,STEU
691,Ökologisches Wirtschaften,1430-8800,D,NAMA
692,Omega,0305-0483,B,ABWL
693,Operations Management Research,1936-9735,k.R.,PROD
694,Operations Research,0030-364X,A+,OR
695,Operations Research Letters,0167-6377,B,OR
696,Operations Research Proceedings,0721-5924,D,OR
697,Optimization. A Journal of Mathematical Programming and Operations Research,0233-1934,k.R.,OR
698,OR News,1437-2045,k.w.Z.,OR
699,OR Spectrum,0171-6468,A,OR
700,OrganisationsEntwicklung,0724-6110,k.R.,ORG / PERS
701,Organization,1350-5084,B,ORG / PERS
702,Organization & Environment,1086-0266,B,NAMA
703,Organization Science,1047-7039,A+,ORG / PERS
704,Organization Studies,0170-8406,A,ABWL
705,Organizational Behavior and Human Decision Processes,0749-5978,A,"STEU, ORG / PERS"
706,Organizational Dynamics,0090-2616,C,ORG / PERS
707,Organizational Research Methods,1094-4281,A,ORG / PERS
708,ÖStZ - Österreichische Steuerzeitung,0029-9529,k.R.,STEU
709,Personalführung,0723-3868,k.w.Z.,ORG / PERS
710,PERSONALquarterly (früher: Personal: Zeitschrift für Human Resource Management),0031-5605,D,ORG / PERS
711,Personalwirtschaft,0341-4698,k.w.Z.,ORG / PERS
712,Personnel Psychology,0031-5826,A,ORG / PERS
713,Personnel Review,0048-3486,k.R.,ORG / PERS
714,Perspektiven der Wirtschaftspolitik (PWP),1468-2516,C,STEU
715,PharmacoEconomics,1170-7690,A,Gesundheitswesen
716,Philosophy of Science,0031-8248,k.R.,WEW
717,Policing: An International Journal of Police Strategies & Management,1363-951X,k.R.,ÖBWL
718,Policy Studies,0144-2872,k.R.,ÖBWL
719,Praxis der internationalen Rechnungslegung (PiR),1862-8753,k.w.Z.,"STEU, RECH"
720,Praxis Internationale Steuerberatung,1438-8375,k.w.Z.,STEU
721,Problems and Perspectives in Management,1727-7051,C,ABWL
722,Proceedings der European Marketing Academy Conference (EMAC),keine,D,MARK
723,Proceedings of the AMA Summer Educators' Conference,0888-1839,D,MARK
724,Proceedings of the Americas Conference on Information Systems (AMCIS),keine,D,WI
725,Proceedings of the European Conference on Information Systems (ECIS),keine,B,WI
726,Proceedings of the Hawaii International Conference on System Sciences (HICSS),keine,C,WI
727,Proceedings of the International Conference on Conceptual Modeling (ER),keine,B,WI
728,Proceedings of the International Conference on Design Science Research in Information Systems and Technology (DESRIST),verschiedene ISBN,C,WI
729,Proceedings of the International Conference on Information Systems (ICIS),keine,A,WI
730,Proceedings of the Internationale Tagung Wirtschaftsinformatik (WI) (früher: Tagungsbände der Wirtschaftsinformatik WI),keine,C,WI
731,Proceedings of the Multikonferenz Wirtschaftsinformatik (MKWI),keine,D,WI
732,Proceedings of the Pacific Asia Conference on Information Systems (PACIS),keine,C,WI
733,Proceedings of the VLDB Endowment (PVLDB) (früher: Proceedings of the Conference on Very Large Data Bases (VLDB),keine,k.R.,WI
734,Production and Inventory Management Journal,0897-8336,k.R.,PROD
735,Production and Operations Management,1059-1478,A,PROD
736,Production Planning & Control,0953-7287,C,PROD
737,Project Management Journal,8756-9728,C,ABWL
738,Psychology & Marketing,0742-6046,B,MARK
739,Public Administration,0033-3298,B,ÖBWL
740,Public Administration and Development,0271-2075,k.R.,ÖBWL
741,Public Administration Quarterly,0734-9149,C,ÖBWL
742,Public Administration Review,0033-3352,B,"ÖBWL, ORG / PERS"
743,Public Choice,0048-5829,k.R.,STEU
744,Public Finance Review,0048-5853,B,"STEU, ÖBWL"
745,Public Management Review,1471-9037,B,ÖBWL
746,Public Money and Management,0954-0962,C,ÖBWL
747,Public Performance & Management Review,1530-9576ÿ,C,ÖBWL
748,Public Personnel Management (PPM),0091-0260,k.R.,ÖBWL
749,Public Policy and Administration,0952-0767,k.R.,ÖBWL
750,Qualitative Market Research,1352-2752,k.R.,MARK
751,Qualitative Research in Accounting & Management,1176-6093,B,ABWL
752,Qualitative Research in Financial Markets,1755-4179,k.R.,BA-FI
753,Quantitative Finance,1469-7688,B,BA-FI
754,Quantitative Marketing and Economics (QME),1570-7156,B,MARK
755,R&D Management,0033-6807,B,TIE
756,Real Estate Economics,1080-8620,k.R.,BA-FI
757,Real Estate Finance,0748-318X,k.R.,BA-FI
758,Research in Accounting Regulation,1052-0457,C,RECH
759,Research in Higher Education,0361-0365,k.R.,HSM
760,Research in Organizational Behavior,0191-3085,B,ORG / PERS
761,Research in the Sociology of Organizations,0733-558X,B,ORG / PERS
762,Research Journal of Finance and Accounting,2222-1697,k.R.,RECH
763,Research Policy (RP),0048-7333,A,"TIE, Entrepreneurship"
764,Research-Technology Management (RTM),0895-6308,C,TIE
765,Resource and Energy Economics,0928-7655,B,NAMA
766,Review of Accounting and Finance,1475-7702,C,RECH
767,Review of Accounting Studies,1380-6653,A,"STEU, RECH"
768,Review of Derivatives Research,1380-6645,A,BA-FI
769,Review of Finance,1572-3097,A,"BA-FI, STEU"
770,Review of Financial Economics,1058-3300,B,BA-FI
771,Review of Managerial Science,1863-6683,B,ABWL
772,Review of Marketing Research,1548-6435,k.R.,MARK
773,Review of Marketing Science,1546-5616,C,MARK
774,Review of Public Personnel Administration,0734-371X,k.R.,ÖBWL
775,Review of Quantitative Finance and Accounting,0924-865X,B,"BA-FI, STEU, RECH"
776,Revue Internationale PME,0776-5436,k.R.,Entrepreneurship
777,RIW - Recht der Internationalen Wirtschaft,0340-7926,D,"STEU, INT"
778,RWZ - Zeitschrift für Recht und Rechnungswesen (früher: Österreichische Zeitschrift für Recht und Rechnungswesen RWZ),1018-3779,D,RECH
779,Scandinavian Journal of Information Systems (SJIS),0905-0167,C,WI
780,Scandinavian Journal of Management,0956-5221,B,ABWL
781,Schmollers Jahrbuch,1439-121X,k.R.,STEU
782,Schweizer Treuhänder,0036-746X,D,"BA-FI, STEU, RECH"
783,Science,0036-8075,A+,ABWL
784,Service Business,1862-8516,k.R.,"MARK, DL-Handel"
785,Service Industries Journal,0264-2069,C,DL-Handel
786,Service Science,2164-3970,C,DL-Handel
787,SIAM Journal on Computing,0097-5397,A,"OR, WI"
788,Small Business Economics,0921-898X,B,"TIE, Entrepreneurship, KMU"
789,Social and Environmental Accountability Journal,0969-160X,C,"RECH, NAMA"
790,Social Policy & Administration,0144-5596,k.R.,ÖBWL
791,Social Responsibility Journal,1747-1117,k.R.,NAMA
792,Social Science and Medicine,0277-9536,k.R.,Gesundheitswesen
793,Society and Business Review,1746-5680,C,ABWL
794,Socio-Economic Review,1475-1461,B,ORG / PERS
795,Southern Economic Journal,0038-4038,k.R.,ORG / PERS
796,Sport Marketing Quarterly (SMQ),1061-6934,D,"MARK, Medien Kultur Freizeit"
797,Steuer + Studium,0173-1599,k.w.Z.,STEU
798,Steuer und Wirtschaft,0341-2954,B,"STEU, RECH"
799,Strategic Entrepreneurship Journal (SEJ),1932-4391,A,"TIE, Entrepreneurship, SM"
800,Strategic Management Journal (SMJ),0143-2095,A,"ABWL, SM"
801,Strategic Organization,1476-1270,B,"ORG / PERS, SM"
802,Strategy & Leadership,1087-8572,C,"ABWL, SM"
803,Structural Equation Modeling: A Multidisciplinary Journal,1070-5511,B,MARK
804,StuB - NWB Unternehmenssteuern und Bilanzen (früher: Steuern und Bilanzen StuB),1615-8024,k.w.Z.,"STEU, RECH"
805,Studies in Higher Education,0307-5079,k.R.,HSM
806,Supply Chain Forum: An International Journal,1625-8312,k.R.,"LOG, PROD"
807,Supply Chain Management Review,1521-9747,k.R.,"LOG, PROD"
808,Supply Chain Management: An International Journal,1359-8546,B,"LOG, PROD"
809,Sustainability,2071-1050,C,NAMA
810,"Sustainability Accounting, Management and Policy Journal",2040-8021,C,NAMA
811,Sustainable Development,1099-1719,C,NAMA
812,SWI - Steuer und Wirtschaft International,1025-806X,C,STEU
813,SWK - Steuer- und Wirtschaftskartei,1025-8078,k.w.Z.,STEU
814,System Dynamics Review,0883-7066,B,"ÖBWL, OR"
815,Tagungsbände der Konferenz Modellierung betrieblicher Informationssysteme (MOBIS),1617-5468,D,WI
816,Tax Notes International,1048-3306,k.R.,RECH
817,Tax Planning International Review,0309-7900,k.R.,STEU
818,Technological Forecasting and Social Change,0040-1625,B,"PROD, TIE"
819,Technology Analysis & Strategic Management,0953-7325,C,"SM, TIE"
820,Technovation,0166-4972,C,"TIE, Entrepreneurship"
821,Telecommunications Policy,0308-5961,C,"TIE, WI"
822,The British Accounting Review,0890-8389,C,"STEU, RECH"
823,The International Journal of Entrepreneurship and Innovation,1465-7503,C,"TIE, Entrepreneurship"
824,The Journal of Corporate Citizenship,1470-5001,C,NAMA
825,The Journal of Finance,0022-1082,A+,"BA-FI, STEU"
826,The Journal of Higher Education,0022-1546,k.R.,HSM
827,The Journal of Portfolio Management,0095-4918,B,BA-FI
828,The Journal of Private Equity,1096-5572,D,"BA-FI, Entrepreneurship"
829,The Journal of Real Estate Finance and Economics,0895-5638,k.R.,BA-FI
830,The Journal of Strategic Information Systems,0963-8687,A,"ORG / PERS, WI"
831,The Journal of Technology Transfer,0892-9912,B,"TIE, Entrepreneurship"
832,The Journal of the American Taxation Association,0198-9073,B,STEU
833,The Quarterly Review of Economics and Finance,1062-9769,B,BA-FI
834,The RAND Journal of Economics,0741-6261,A,ABWL
835,The Review of Asset Pricing Studies,2045-9920,k.R.,BA-FI
836,The Review of Corporate Finance Studies,2046-9128,k.R.,BA-FI
837,The Review of Financial Studies,0893-9454,A+,"BA-FI, STEU"
838,The Scandinavian Journal of Economics,0347-0520,k.R.,STEU
839,The World Economy,0378-5920,k.R.,STEU
840,Theory and Decision,0040-5833,k.R.,OR
841,Thunderbird International Business Review,1096-4762,C,INT
842,Transfer. Werbeforschung & Praxis,1436-789X,D,MARK
843,Transnational Corporations,1014-9562,k.R.,INT
844,Transportation,0049-4488,k.R.,LOG
845,Transportation Journal,0041-1612,k.R.,LOG
846,Transportation Research Part A: Policy and Practice,0965-8564,B,LOG
847,Transportation Research Part B: Methodological,0191-2615,B,"LOG, OR"
848,Transportation Research Part D: Transport and Environment,1361-9209,B,LOG
849,Transportation Research Part E: Logistics and Transportation Review,1366-5545,B,LOG
850,Transportation Science,0041-1655,A,"LOG, OR"
851,Umsatzsteuer Rundschau,0341-8669,k.R.,STEU
852,uwf Umweltwirtschaftsforum,0943-3481,D,NAMA
853,Value in Health,1098-3015,B,Gesundheitswesen
854,Venture Capital. An International Journal of Entrepreneurial Finance,1369-1066,C,Entrepreneurship
855,Versicherungswirtschaft,0042-4358,k.w.Z.,Versicherungswirtschaft
856,VM Verwaltung & Management,ÿ0947-9856,k.R.,ÖBWL
857,Voluntary Sector Review,2040-8056,k.R.,ÖBWL
858,Voluntas: International Journal of Voluntary and Nonprofit Organizations,0957-8765,B,ÖBWL
859,WiST Wirtschaftswissenschaftliches Studium,0340-1650,D,ABWL
860,WISU das wirtschaftsstudium,0340-3084,D,ABWL
861,"Work, Employment and Society",0950-0170,B,ORG / PERS
862,World Tax Journal,1878-4917,C,STEU
863,ZBB - Zeitschrift für Bankrecht und Bankwirtschaft,0936-2800,C/D,BA-FI
864,ZCG Zeitschrift für Corporate Governance,1862-8702,D,RECH
865,Zeitschrift für angewandte Umweltforschung (eingestellt 2009),0933-9027,k.R.,NAMA
866,Zeitschrift für Arbeits und Organisationspsychologie A&O,0932-4089,C,ORG / PERS
867,Zeitschrift für Arbeitswissenschaft,0340-2444,k.R.,ORG / PERS
868,Zeitschrift für das gesamte Kreditwesen,0341-4019,D,BA-FI
869,Zeitschrift für die gesamte Versicherungswissenschaft,0044-2585,C,Versicherungswirtschaft
870,Zeitschrift für Energiewirtschaft,0343-5377,C,NAMA
871,Zeitschrift für Management (eingestellt 2011),1861-4264,C,ABWL
872,Zeitschrift für Personalforschung: German Journal of Research in Human Resource Management,0179-6437,C,ORG / PERS
873,Zeitschrift für Unternehmens- und Gesellschaftsrecht (ZGR),1612-7048,C,ABWL
874,Zeitschrift für Verkehrswissenschaft (ZfV),0044-3670,k.R.,LOG
875,Zeitschrift für Versicherungswesen (ZfV),0514-2784,k.R.,Versicherungswirtschaft
876,"Zeitschrift für Wirtschafts- und Unternehmensethik - Journal for Business, Economics & Ethics",1439-880X,C,"NAMA, WEW"
877,Zeitschrift Interne Revision,0044-3816,D,RECH
878,zfbf Schmalenbachs Zeitschrift für betriebswirtschaftliche Forschung - Schmalenbach Business Review (sbr),0341-2687,B,ABWL
879,ZfgG Zeitschrift für das gesamte Genossenschaftswesen,0044-2429,C,ÖBWL
880,ZfKE: Zeitschrift für KMU und Entrepreneurship,1860-4633,C,"TIE, Entrepreneurship, KMU"
881,zfo - Zeitschrift Führung + Organisation,0722-7485,D,ORG / PERS
882,ZfU - Zeitschrift für Umweltpolitik & Umweltrecht,0931-0983,B,NAMA
883,ZIÖ Zeitschrift für Immobilienökonomie,1611-4051,C,ABWL
884,ZögU: Zeitschrift für öffentliche und gemeinwirtschaftliche Unternehmen (Journal for Public and Nonprofit Services),0344-9777,C,ÖBWL
885,ZSteu: Zeitschrift für Steuern & Recht (eingestellt 2012),1614-7936,k.w.Z.,STEU
886,ZWF - Zeitschrift für wirtschaftlichen Fabrikbetrieb,0947-0085,k.R.,PROD
